{"cameraMode":{"drawMode":0,"name":"Shaded","section":"Shading Mode"},"sceneLighting":false,"audioPlay":false,"sceneViewState":{"m_AlwaysRefresh":false,"showFog":true,"showSkybox":false,"showFlares":true,"showImageEffects":true,"showParticleSystems":true,"showVisualEffectGraphs":true,"m_FxEnabled":true},"in2DMode":false,"pivot":{"x":160.47206115722657,"y":585.2570190429688,"z":5.0659027099609379},"rotation":{"x":-0.21218593418598176,"y":0.43995675444602969,"z":-0.10780919343233109,"w":-0.8659059405326843},"size":158.11387634277345,"orthographic":false}